data,tipo,categoria,descricao,valor
2026-01-05,Receita,Salário,Salário mensal,2500
2026-01-08,Despesa,Alimentação,Supermercado,420
2026-01-10,Despesa,Transporte,Gasolina,250
2026-01-15,Receita,Freelance,Projeto de site,600
2026-01-18,Despesa,Lazer,Cinema e jantar,150
2026-02-05,Receita,Salário,Salário mensal,2500
2026-02-09,Despesa,Alimentação,Supermercado,460
2026-02-12,Despesa,Contas,Internet e energia,310
2026-02-20,Receita,Freelance,Manutenção de sistema,800
2026-02-24,Despesa,Transporte,Gasolina,280